receiver_email,url,actual_date
abdera-dev@incubator.apache.org,http://mail-archives.apache.org/mod_mbox/abdera-user/200608.mbox/<5c932c650608260831t1f1fd7dbw1022266332ea8c36@mail.gmail.com>,2008-01-03 23:19:26+00:00
abdera-dev@incubator.apache.org,http://mail-archives.apache.org/mod_mbox/abdera-user/200608.mbox/<5c932c650608260831t1f1fd7dbw1022266332ea8c36@mail.gmail.com>,2008-01-15 21:21:28+00:00
dev@abdera.apache.org,http://mail-archives.apache.org/mod_mbox/abdera-user/200608.mbox/<5c932c650608260831t1f1fd7dbw1022266332ea8c36@mail.gmail.com>,2009-01-05 17:11:34+00:00
dev@abdera.apache.org,http://mail-archives.apache.org/mod_mbox/abdera-user/200608.mbox/<5c932c650608260831t1f1fd7dbw1022266332ea8c36@mail.gmail.com>,2009-01-22 19:42:23+00:00
abdera-dev@incubator.apache.org,http://mail-archives.apache.org/mod_mbox/abdera-user/200608.mbox/<5c932c650608260831t1f1fd7dbw1022266332ea8c36@mail.gmail.com>,2008-01-01 18:04:39+00:00
abdera-dev@incubator.apache.org,http://mail-archives.apache.org/mod_mbox/abdera-user/200608.mbox/<5c932c650608260831t1f1fd7dbw1022266332ea8c36@mail.gmail.com>,2008-01-03 16:01:37+00:00
abdera-dev@incubator.apache.org,http://mail-archives.apache.org/mod_mbox/abdera-user/200608.mbox/<5c932c650608260831t1f1fd7dbw1022266332ea8c36@mail.gmail.com>,2008-01-03 20:43:26+00:00
abdera-dev@incubator.apache.org,http://mail-archives.apache.org/mod_mbox/abdera-user/200608.mbox/<5c932c650608260831t1f1fd7dbw1022266332ea8c36@mail.gmail.com>,2008-01-03 21:41:25+00:00
abdera-dev@incubator.apache.org,http://mail-archives.apache.org/mod_mbox/abdera-user/200608.mbox/<5c932c650608260831t1f1fd7dbw1022266332ea8c36@mail.gmail.com>,2008-01-06 05:29:39+00:00
abdera-dev@incubator.apache.org,http://mail-archives.apache.org/mod_mbox/abdera-user/200608.mbox/<5c932c650608260831t1f1fd7dbw1022266332ea8c36@mail.gmail.com>,2008-01-07 19:30:36+00:00
"abdera-dev@incubator.apache.org, abdera-user@incubator.apache.org",http://mail-archives.apache.org/mod_mbox/abdera-user/200608.mbox/<5c932c650608260831t1f1fd7dbw1022266332ea8c36@mail.gmail.com>,2008-01-08 16:04:32+00:00
abdera-dev@incubator.apache.org,http://mail-archives.apache.org/mod_mbox/abdera-user/200608.mbox/<5c932c650608260831t1f1fd7dbw1022266332ea8c36@mail.gmail.com>,2008-01-08 22:43:54+00:00
abdera-dev@incubator.apache.org,http://mail-archives.apache.org/mod_mbox/abdera-user/200608.mbox/<5c932c650608260831t1f1fd7dbw1022266332ea8c36@mail.gmail.com>,2008-01-09 00:16:16+00:00
abdera-dev@incubator.apache.org,http://mail-archives.apache.org/mod_mbox/abdera-user/200608.mbox/<5c932c650608260831t1f1fd7dbw1022266332ea8c36@mail.gmail.com>,2008-01-09 23:13:34+00:00
abdera-dev@incubator.apache.org,http://mail-archives.apache.org/mod_mbox/abdera-user/200608.mbox/<5c932c650608260831t1f1fd7dbw1022266332ea8c36@mail.gmail.com>,2008-01-11 01:57:06+00:00
abdera-dev@incubator.apache.org,http://mail-archives.apache.org/mod_mbox/abdera-user/200608.mbox/<5c932c650608260831t1f1fd7dbw1022266332ea8c36@mail.gmail.com>,2008-01-14 15:38:39+00:00
abdera-dev@incubator.apache.org,http://mail-archives.apache.org/mod_mbox/abdera-user/200608.mbox/<5c932c650608260831t1f1fd7dbw1022266332ea8c36@mail.gmail.com>,2008-01-14 19:16:28+00:00
abdera-dev@incubator.apache.org,http://mail-archives.apache.org/mod_mbox/abdera-user/200608.mbox/<5c932c650608260831t1f1fd7dbw1022266332ea8c36@mail.gmail.com>,2008-01-14 20:18:15+00:00
abdera-dev@incubator.apache.org,http://mail-archives.apache.org/mod_mbox/abdera-user/200608.mbox/<5c932c650608260831t1f1fd7dbw1022266332ea8c36@mail.gmail.com>,2008-01-14 20:27:39+00:00
abdera-dev@incubator.apache.org,http://mail-archives.apache.org/mod_mbox/abdera-user/200608.mbox/<5c932c650608260831t1f1fd7dbw1022266332ea8c36@mail.gmail.com>,2008-01-14 21:49:16+00:00
abdera-dev@incubator.apache.org,http://mail-archives.apache.org/mod_mbox/abdera-user/200608.mbox/<5c932c650608260831t1f1fd7dbw1022266332ea8c36@mail.gmail.com>,2008-01-15 00:01:18+00:00
abdera-dev@incubator.apache.org,http://mail-archives.apache.org/mod_mbox/abdera-user/200608.mbox/<5c932c650608260831t1f1fd7dbw1022266332ea8c36@mail.gmail.com>,2008-01-15 01:01:36+00:00
abdera-dev@incubator.apache.org,http://mail-archives.apache.org/mod_mbox/abdera-user/200608.mbox/<5c932c650608260831t1f1fd7dbw1022266332ea8c36@mail.gmail.com>,2008-01-15 01:30:36+00:00
abdera-dev@incubator.apache.org,http://mail-archives.apache.org/mod_mbox/abdera-user/200608.mbox/<5c932c650608260831t1f1fd7dbw1022266332ea8c36@mail.gmail.com>,2008-01-15 21:34:07+00:00
abdera-dev@incubator.apache.org,http://mail-archives.apache.org/mod_mbox/abdera-user/200608.mbox/<5c932c650608260831t1f1fd7dbw1022266332ea8c36@mail.gmail.com>,2008-01-15 23:13:24+00:00
abdera-dev@incubator.apache.org,http://mail-archives.apache.org/mod_mbox/abdera-user/200608.mbox/<5c932c650608260831t1f1fd7dbw1022266332ea8c36@mail.gmail.com>,2008-01-16 15:51:41+00:00
abdera-dev@incubator.apache.org,http://mail-archives.apache.org/mod_mbox/abdera-user/200608.mbox/<5c932c650608260831t1f1fd7dbw1022266332ea8c36@mail.gmail.com>,2008-01-16 19:21:13+00:00
abdera-dev@incubator.apache.org,http://mail-archives.apache.org/mod_mbox/abdera-user/200608.mbox/<5c932c650608260831t1f1fd7dbw1022266332ea8c36@mail.gmail.com>,2008-01-17 15:36:04+00:00
abdera-dev@incubator.apache.org,http://mail-archives.apache.org/mod_mbox/abdera-user/200608.mbox/<5c932c650608260831t1f1fd7dbw1022266332ea8c36@mail.gmail.com>,2008-01-19 01:08:44+00:00
abdera-dev@incubator.apache.org,http://mail-archives.apache.org/mod_mbox/abdera-user/200608.mbox/<5c932c650608260831t1f1fd7dbw1022266332ea8c36@mail.gmail.com>,2008-01-19 18:40:24+00:00
abdera-dev@incubator.apache.org,http://mail-archives.apache.org/mod_mbox/abdera-user/200608.mbox/<5c932c650608260831t1f1fd7dbw1022266332ea8c36@mail.gmail.com>,2008-01-21 18:54:47+00:00
abdera-dev@incubator.apache.org,http://mail-archives.apache.org/mod_mbox/abdera-user/200608.mbox/<5c932c650608260831t1f1fd7dbw1022266332ea8c36@mail.gmail.com>,2008-01-22 01:52:09+00:00
abdera-dev@incubator.apache.org,http://mail-archives.apache.org/mod_mbox/abdera-user/200608.mbox/<5c932c650608260831t1f1fd7dbw1022266332ea8c36@mail.gmail.com>,2008-01-22 06:41:33+00:00
abdera-dev@incubator.apache.org,http://mail-archives.apache.org/mod_mbox/abdera-user/200608.mbox/<5c932c650608260831t1f1fd7dbw1022266332ea8c36@mail.gmail.com>,2008-01-22 16:21:21+00:00
abdera-dev@incubator.apache.org,http://mail-archives.apache.org/mod_mbox/abdera-user/200608.mbox/<5c932c650608260831t1f1fd7dbw1022266332ea8c36@mail.gmail.com>,2008-01-22 23:32:21+00:00
abdera-dev@incubator.apache.org,http://mail-archives.apache.org/mod_mbox/abdera-user/200608.mbox/<5c932c650608260831t1f1fd7dbw1022266332ea8c36@mail.gmail.com>,2008-01-23 04:16:07+00:00
abdera-dev@incubator.apache.org,http://mail-archives.apache.org/mod_mbox/abdera-user/200608.mbox/<5c932c650608260831t1f1fd7dbw1022266332ea8c36@mail.gmail.com>,2008-01-23 18:03:50+00:00
abdera-dev@incubator.apache.org,http://mail-archives.apache.org/mod_mbox/abdera-user/200608.mbox/<5c932c650608260831t1f1fd7dbw1022266332ea8c36@mail.gmail.com>,2008-01-23 19:53:36+00:00
"abdera-dev@incubator.apache.org, abdera-user@incubator.apache.org",http://mail-archives.apache.org/mod_mbox/abdera-user/200608.mbox/<5c932c650608260831t1f1fd7dbw1022266332ea8c36@mail.gmail.com>,2008-01-24 15:36:16+00:00
google-feedserver@googlegroups.com,http://mail-archives.apache.org/mod_mbox/abdera-user/200608.mbox/<5c932c650608260831t1f1fd7dbw1022266332ea8c36@mail.gmail.com>,2008-01-24 21:52:43+00:00
"abdera-dev@incubator.apache.org, abdera-user@incubator.apache.org",http://mail-archives.apache.org/mod_mbox/abdera-user/200608.mbox/<5c932c650608260831t1f1fd7dbw1022266332ea8c36@mail.gmail.com>,2008-01-25 07:22:47+00:00
abdera-user@incubator.apache.org,http://mail-archives.apache.org/mod_mbox/abdera-user/200608.mbox/<5c932c650608260831t1f1fd7dbw1022266332ea8c36@mail.gmail.com>,2008-01-25 16:58:26+00:00
abdera-dev@incubator.apache.org,http://mail-archives.apache.org/mod_mbox/abdera-user/200608.mbox/<5c932c650608260831t1f1fd7dbw1022266332ea8c36@mail.gmail.com>,2008-01-25 17:01:56+00:00
"abdera-dev@incubator.apache.org, abdera-user@incubator.apache.org",http://mail-archives.apache.org/mod_mbox/abdera-user/200608.mbox/<5c932c650608260831t1f1fd7dbw1022266332ea8c36@mail.gmail.com>,2008-01-26 01:37:43+00:00
abdera-dev@incubator.apache.org,http://mail-archives.apache.org/mod_mbox/abdera-user/200608.mbox/<5c932c650608260831t1f1fd7dbw1022266332ea8c36@mail.gmail.com>,2008-01-27 01:23:53+00:00
abdera-dev@incubator.apache.org,http://mail-archives.apache.org/mod_mbox/abdera-user/200608.mbox/<5c932c650608260831t1f1fd7dbw1022266332ea8c36@mail.gmail.com>,2008-01-28 17:55:07+00:00
abdera-dev@incubator.apache.org,http://mail-archives.apache.org/mod_mbox/abdera-user/200608.mbox/<5c932c650608260831t1f1fd7dbw1022266332ea8c36@mail.gmail.com>,2008-01-28 19:09:06+00:00
abdera-dev@incubator.apache.org,http://mail-archives.apache.org/mod_mbox/abdera-user/200608.mbox/<5c932c650608260831t1f1fd7dbw1022266332ea8c36@mail.gmail.com>,2008-01-28 20:12:35+00:00
abdera-dev@incubator.apache.org,http://mail-archives.apache.org/mod_mbox/abdera-user/200608.mbox/<5c932c650608260831t1f1fd7dbw1022266332ea8c36@mail.gmail.com>,2008-01-29 05:11:53+00:00
abdera-dev@incubator.apache.org,http://mail-archives.apache.org/mod_mbox/abdera-user/200608.mbox/<5c932c650608260831t1f1fd7dbw1022266332ea8c36@mail.gmail.com>,2008-01-29 15:45:27+00:00
abdera-dev@incubator.apache.org,http://mail-archives.apache.org/mod_mbox/abdera-user/200608.mbox/<5c932c650608260831t1f1fd7dbw1022266332ea8c36@mail.gmail.com>,2008-01-29 15:54:27+00:00
abdera-dev@incubator.apache.org,http://mail-archives.apache.org/mod_mbox/abdera-user/200608.mbox/<5c932c650608260831t1f1fd7dbw1022266332ea8c36@mail.gmail.com>,2008-01-29 16:57:32+00:00
abdera-dev@incubator.apache.org,http://mail-archives.apache.org/mod_mbox/abdera-user/200608.mbox/<5c932c650608260831t1f1fd7dbw1022266332ea8c36@mail.gmail.com>,2008-01-29 17:18:53+00:00
abdera-dev@incubator.apache.org,http://mail-archives.apache.org/mod_mbox/abdera-user/200608.mbox/<5c932c650608260831t1f1fd7dbw1022266332ea8c36@mail.gmail.com>,2008-01-29 17:29:29+00:00
abdera-dev@incubator.apache.org,http://mail-archives.apache.org/mod_mbox/abdera-user/200608.mbox/<5c932c650608260831t1f1fd7dbw1022266332ea8c36@mail.gmail.com>,2008-01-29 18:26:08+00:00
"abdera-dev@incubator.apache.org, abdera-user@incubator.apache.org",http://mail-archives.apache.org/mod_mbox/abdera-user/200608.mbox/<5c932c650608260831t1f1fd7dbw1022266332ea8c36@mail.gmail.com>,2008-01-29 19:00:03+00:00
abdera-dev@incubator.apache.org,http://mail-archives.apache.org/mod_mbox/abdera-user/200608.mbox/<5c932c650608260831t1f1fd7dbw1022266332ea8c36@mail.gmail.com>,2008-01-29 19:33:15+00:00
abdera-dev@incubator.apache.org,http://mail-archives.apache.org/mod_mbox/abdera-user/200608.mbox/<5c932c650608260831t1f1fd7dbw1022266332ea8c36@mail.gmail.com>,2008-01-29 23:30:13+00:00
abdera-dev@incubator.apache.org,http://mail-archives.apache.org/mod_mbox/abdera-user/200608.mbox/<5c932c650608260831t1f1fd7dbw1022266332ea8c36@mail.gmail.com>,2008-01-30 15:37:36+00:00
abdera-dev@incubator.apache.org,http://mail-archives.apache.org/mod_mbox/abdera-user/200608.mbox/<5c932c650608260831t1f1fd7dbw1022266332ea8c36@mail.gmail.com>,2008-01-30 16:05:51+00:00
abdera-dev@incubator.apache.org,http://mail-archives.apache.org/mod_mbox/abdera-user/200608.mbox/<5c932c650608260831t1f1fd7dbw1022266332ea8c36@mail.gmail.com>,2008-01-30 17:02:28+00:00
abdera-dev@incubator.apache.org,http://mail-archives.apache.org/mod_mbox/abdera-user/200608.mbox/<5c932c650608260831t1f1fd7dbw1022266332ea8c36@mail.gmail.com>,2008-01-31 21:42:49+00:00
abdera-dev@incubator.apache.org,http://mail-archives.apache.org/mod_mbox/abdera-user/200608.mbox/<5c932c650608260831t1f1fd7dbw1022266332ea8c36@mail.gmail.com>,2008-01-31 22:08:19+00:00
abdera-dev@incubator.apache.org,http://mail-archives.apache.org/mod_mbox/abdera-user/200608.mbox/<5c932c650608260831t1f1fd7dbw1022266332ea8c36@mail.gmail.com>,2008-01-31 23:44:15+00:00
abdera-dev@incubator.apache.org,http://mail-archives.apache.org/mod_mbox/abdera-user/200608.mbox/<5c932c650608260831t1f1fd7dbw1022266332ea8c36@mail.gmail.com>,2007-01-05 00:04:15+00:00
user@abdera.apache.org,http://mail-archives.apache.org/mod_mbox/abdera-user/200608.mbox/<5c932c650608260831t1f1fd7dbw1022266332ea8c36@mail.gmail.com>,2009-01-14 19:30:32+00:00
abdera-user@incubator.apache.org,http://mail-archives.apache.org/mod_mbox/abdera-user/200608.mbox/<5c932c650608260831t1f1fd7dbw1022266332ea8c36@mail.gmail.com>,2008-01-07 16:24:02+00:00
abdera-user@incubator.apache.org,http://mail-archives.apache.org/mod_mbox/abdera-user/200608.mbox/<5c932c650608260831t1f1fd7dbw1022266332ea8c36@mail.gmail.com>,2008-01-07 18:14:53+00:00
abdera-user@incubator.apache.org,http://mail-archives.apache.org/mod_mbox/abdera-user/200608.mbox/<5c932c650608260831t1f1fd7dbw1022266332ea8c36@mail.gmail.com>,2008-01-07 21:11:40+00:00
abdera-user@incubator.apache.org,http://mail-archives.apache.org/mod_mbox/abdera-user/200608.mbox/<5c932c650608260831t1f1fd7dbw1022266332ea8c36@mail.gmail.com>,2008-01-22 23:23:32+00:00
abdera-user@incubator.apache.org,http://mail-archives.apache.org/mod_mbox/abdera-user/200608.mbox/<5c932c650608260831t1f1fd7dbw1022266332ea8c36@mail.gmail.com>,2008-01-25 21:46:48+00:00
abdera-user@incubator.apache.org,http://mail-archives.apache.org/mod_mbox/abdera-user/200608.mbox/<5c932c650608260831t1f1fd7dbw1022266332ea8c36@mail.gmail.com>,2008-01-28 15:30:46+00:00
abdera-user@incubator.apache.org,http://mail-archives.apache.org/mod_mbox/abdera-user/200608.mbox/<5c932c650608260831t1f1fd7dbw1022266332ea8c36@mail.gmail.com>,2007-01-04 18:48:33+00:00
abdera-user@incubator.apache.org,http://mail-archives.apache.org/mod_mbox/abdera-user/200608.mbox/<5c932c650608260831t1f1fd7dbw1022266332ea8c36@mail.gmail.com>,2007-01-28 04:19:44+00:00
